line_id,item_code,confidence,decision,reason_code,candidates
ACM-H-5001,,0.77777778,review,lexical_exact,ACM-HEXB0906:1.00000000|ACM-HEXB0771:0.80277778|ACM-HEXB0206:0.79541988
ACM-H-5002,,0.43298969,review,small_candidate_margin,ACM-HEXB0319:0.80494258|ACM-HEXB0038:0.78060937|ACM-HEXB0277:0.77777778
ACM-H-5003,ACM-CABL1016,0.98275862,auto,lexical_other,ACM-CABL1016:0.87539125|ACM-CABL0461:0.70638517|ACM-CABL0560:0.70638517
ACM-H-5004,ACM-CABL1035,0.97142857,auto,lexical_high,ACM-CABL1035:0.92606801|ACM-CABL0545:0.72985485|ACM-SAFE0624:0.32942727
ACM-H-5005,ACM-PVCP0220,0.98275862,auto,lexical_other,ACM-PVCP0220:0.84642857|ACM-HOSE0428:0.44229942
ACM-H-5006,,0.77777778,review,lexical_exact,ACM-BALL0688:1.00000000
ACM-H-5007,ACM-HOSE0593,0.97142857,auto,lexical_high,ACM-HOSE0593:0.90263673|ACM-HOSE0546:0.69723080|ACM-HEXB0194:0.34362235
ACM-H-5008,,0.77777778,review,lexical_exact,ACM-BALL0702:1.00000000
ACM-H-5009,ACM-PVCP0126,0.94117647,auto,identifier_verified,ACM-PVCP0126:0.99000000
ACM-H-5010,,0.43298969,review,ineligible_identifier_target,ACM-WALL0817:0.79608417|ACM-WALL0730:0.78983120|ACM-WALL1082:0.78390452
ACM-H-5011,,0.43298969,review,ineligible_identifier_target,ACM-SAFE0847:0.91186777|ACM-SAFE0049:0.70750979|ACM-WALL0205:0.30983408
ACM-H-5012,,0.43298969,review,ambiguous_pack,ACM-HOSE0106:1.00000000|ACM-HOSE0106B:0.94157392|ACM-HOSE0823:0.76631768
ACM-H-5013,,0.00000000,review,no_candidate_above_floor,
ACM-H-5014,,0.00000000,review,no_candidate_above_floor,
ACM-H-5015,ACM-HEXB0431,0.97142857,auto,lexical_high,ACM-HEXB0431:0.95425560|ACM-HEXB0902:0.73747723|ACM-HEXB0198:0.72866412
ACM-H-5016,ACM-CABL0752,0.98275862,auto,lexical_other,ACM-CABL0752:0.75459770|ACM-CABL0311:0.66683347|ACM-CABL0035:0.66671285
ACM-H-5017,,0.77777778,review,lexical_exact,ACM-SAFE0049:1.00000000|ACM-SAFE0847:0.77585831|ACM-WALL0205:0.34183451
ACM-H-5018,ACM-MASK0342,0.98275862,auto,lexical_other,ACM-MASK0342:0.82892157|ACM-MASK0269:0.59671525
ACM-H-5019,,0.77777778,review,lexical_exact,ACM-MASK0490:1.00000000|ACM-MASK0291:0.76196450|ACM-GIWI0252:0.37162283
ACM-H-5020,ACM-CABL0805,0.98275862,auto,lexical_other,ACM-CABL0805:0.89293302|ACM-CABL0095:0.71317221|ACM-CABL0792:0.71317221
ACM-H-5021,ACM-NITR0586,0.98275862,auto,lexical_other,ACM-NITR0586:0.88069681|ACM-NITR0617:0.73511118|ACM-NITR0366:0.71997604
ACM-H-5022,,0.77777778,review,lexical_exact,ACM-PVCP0166:1.00000000
ACM-H-5023,,0.77777778,review,lexical_exact,ACM-CABL0706:1.00000000|ACM-CABL0259:0.80690183|ACM-SAFE0795:0.36514837
ACM-H-5024,,0.43298969,review,ineligible_identifier_target,ACM-PVCP0009:0.66746804|ACM-PVCP0131:0.66746804|ACM-PVCP0347:0.66746804
ACM-H-5025,,0.43298969,review,missing_grade,ACM-PVCP0070:0.78651883|ACM-PVCP0124:0.78651883|ACM-PVCP0164:0.78651883
ACM-H-5026,,0.00000000,review,no_candidate_above_floor,
ACM-H-5027,,0.00000000,review,no_candidate_above_floor,
ACM-H-5028,,0.77777778,review,lexical_exact,ACM-SAFE0110:1.00000000|ACM-SAFE0829:0.77585831|ACM-NITR0470:0.35621624
ACM-H-5029,ACM-HEXB0771,0.98275862,auto,lexical_other,ACM-HEXB0771:0.80743565|ACM-HEXB0585:0.70397504|ACM-HEXB0658:0.70397504
ACM-H-5030,ACM-GIWI0505,0.98275862,auto,lexical_other,ACM-GIWI0505:0.83349276|ACM-GIWI0627:0.69952689|ACM-GIWI0961:0.69952689
ACM-H-5031,,0.77777778,review,lexical_exact,ACM-BALL0954:1.00000000|ACM-HEXB0008:0.43836827|ACM-HEXB0310:0.43836827
ACM-H-5032,,0.77777778,review,lexical_exact,ACM-ANGL0157:1.00000000
ACM-H-5033,,0.43298969,review,missing_grade,ACM-PVCP0347:0.86855245|ACM-PVCP0994:0.86855245|ACM-PVCP1037:0.86855245
ACM-H-5034,ACM-HEXB0357,0.98275862,auto,lexical_other,ACM-HEXB0357:0.79828127|ACM-HEXB0115:0.71095800|ACM-HEXB1063:0.71095800
ACM-H-5035,,0.77777778,review,lexical_exact,ACM-SAFE0019:1.00000000|ACM-SAFE0779:0.77916606|ACM-CABL0109:0.34457883
ACM-H-5036,,0.43298969,review,untrusted_alias_metadata,ACM-NITR0344:0.99000000|ACM-NITR0366:0.88661106|ACM-NITR0655:0.88661106
ACM-H-5037,,0.43298969,review,ineligible_identifier_target,ACM-PVCP0994:0.92582010|ACM-HOSE0102:0.44222979|ACM-HOSE0857:0.41696885
ACM-H-5038,,0.43298969,review,ineligible_identifier_target,ACM-HEXB0320:0.93268704|ACM-HEXB0782:0.93268704|ACM-HEXB0189:0.93044564
ACM-H-5039,,0.43298969,review,ambiguous_pack,ACM-PVCP0666:0.92916649|ACM-PVCP0666B:0.86602540
ACM-H-5040,,0.00000000,review,no_candidate_above_floor,
ACM-H-5041,,0.00000000,review,empty_text,
ACM-H-5042,,0.77777778,review,lexical_exact,ACM-WALL0184:1.00000000|ACM-SAFE0120:0.33073541|ACM-SAFE0182:0.32875203
ACM-H-5043,,0.43298969,review,missing_material,ACM-HEXB0219:0.77492063|ACM-HEXB0465:0.76540806|ACM-HEXB0231:0.75290324
ACM-H-5044,,0.77777778,review,lexical_exact,ACM-HEXB0053:1.00000000|ACM-HEXB0219:0.90031746|ACM-HEXB0387:0.90031746
ACM-H-5045,,0.77777778,review,lexical_exact,ACM-HEXB0790:1.00000000|ACM-HEXB0274:0.89904833|ACM-HEXB0207:0.89388889
ACM-H-5046,,0.43298969,review,missing_material,ACM-PVCP0195:0.72238424|ACM-PVCP0301:0.72238424|ACM-PVCP0432:0.72238424
ACM-H-5047,,0.43298969,review,missing_length,ACM-PVCP0138:0.75059232|ACM-PVCP0394:0.75059232|ACM-PVCP0441:0.75059232
ACM-H-5048,ACM-WALL1024,0.98275862,auto,lexical_other,ACM-WALL1024:0.88842889|ACM-HEXB0634:0.31512993|ACM-HEXB0738:0.31512993
ACM-H-5049,,0.77777778,review,lexical_exact,ACM-BALL0001:1.00000000|ACM-HEXB0759:0.41396656|ACM-HEXB1096:0.41396656
ACM-H-5050,ACM-NITR0934,0.94117647,auto,identifier_verified,ACM-NITR0934:1.00000000|ACM-NITR0344:0.84344828|ACM-NITR1034:0.84344828
ACM-H-5051,,0.43298969,review,ineligible_identifier_target,ACM-HEXB0238:0.79146603|ACM-HEXB0274:0.79146603|ACM-HEXB0415:0.79146603
ACM-H-5052,,0.43298969,review,missing_material,ACM-BALL0983:0.92204445|ACM-BALL0879:0.90911933|ACM-BALL0364:0.83001104
ACM-H-5053,,0.00000000,review,no_candidate_above_floor,
ACM-H-5054,,0.00000000,review,no_candidate_above_floor,
ACM-H-5055,,0.77777778,review,lexical_exact,ACM-SAFE0543:1.00000000|ACM-SAFE0526:0.79579967|ACM-GIWI0097:0.25254357
ACM-H-5056,ACM-GIWI0495,0.98275862,auto,lexical_other,ACM-GIWI0495:0.86595307|ACM-GIWI0505:0.70634978|ACM-GIWI0627:0.70634978
ACM-H-5057,,0.43298969,review,missing_material,ACM-HEXB0867:0.76899425|ACM-HEXB0139:0.74698403|ACM-HEXB0449:0.67800383
ACM-H-5058,ACM-PVCP0119,0.98275862,auto,lexical_other,ACM-PVCP0119:0.87651736|ACM-GIWI0801:0.29312760|ACM-GIWI0453:0.26359000
ACM-H-5059,ACM-HEXB0292,0.97142857,auto,lexical_high,ACM-HEXB0292:0.93516402|ACM-HEXB0479:0.82868399|ACM-HEXB0893:0.82868399
ACM-H-5060,ACM-GIWI0179,0.98275862,auto,lexical_other,ACM-GIWI0179:0.86017764|ACM-GIWI0218:0.66354537|ACM-GIWI0652:0.66354537
ACM-H-5061,ACM-WALL0875,0.98275862,auto,lexical_other,ACM-WALL0875:0.88710589|ACM-NITR0569:0.33505112|ACM-NITR0677:0.33203915
ACM-H-5062,,0.77777778,review,lexical_exact,ACM-HEXB0290:1.00000000|ACM-HEXB0194:0.90240240|ACM-HEXB0599:0.90240240
ACM-H-5063,,0.77777778,review,lexical_exact,ACM-HEXB0701:1.00000000|ACM-HEXB0675:0.88303571|ACM-HEXB0870:0.88303571
ACM-H-5064,ACM-BALL0084,0.94117647,auto,identifier_verified,ACM-BALL0084:0.99000000|ACM-BALL0417:0.77334481|ACM-BALL0623:0.77334481
ACM-H-5065,,0.43298969,review,ineligible_identifier_target,ACM-HEXB0310:0.84521483|ACM-HEXB0743:0.84400931|ACM-HEXB0500:0.76430801
ACM-H-5066,,0.43298969,review,missing_length,ACM-BALL0208:0.59565680|ACM-BALL0999:0.59565680|ACM-BALL0146:0.58653581
ACM-H-5067,,0.00000000,review,no_candidate_above_floor,
ACM-H-5068,,0.00000000,review,no_candidate_above_floor,
ACM-H-5069,,0.77777778,review,lexical_exact,ACM-PVCP0394:1.00000000|ACM-HOSE0185:0.41879143
ACM-H-5070,,0.43298969,review,small_candidate_margin,ACM-SAFE0779:0.34667744|ACM-SAFE0019:0.34457883
ACM-H-5071,ACM-PVCP0463,0.97142857,auto,lexical_high,ACM-PVCP0463:0.91836525
ACM-H-5072,,0.77777778,review,lexical_exact,ACM-SELF0945:1.00000000|ACM-HEXB0319:0.49293733|ACM-HEXB0939:0.49293733
ACM-H-5073,,0.77777778,review,lexical_exact,ACM-HOSE0665:1.00000000|ACM-HOSE0531:0.76987781|ACM-PVCP0309:0.41879143
ACM-H-5074,,0.43298969,review,small_candidate_margin,ACM-HEXB0198:0.74522214|ACM-HEXB0401:0.74522214|ACM-HEXB0433:0.74522214
ACM-H-5075,ACM-ANGL0838,0.98275862,auto,lexical_other,ACM-ANGL0838:0.85246392
ACM-H-5076,,0.43298969,review,untrusted_alias_metadata,ACM-SAFE0984:0.99000000|ACM-SAFE1087:0.72184382
ACM-H-5077,ACM-SELF0918,0.94117647,auto,identifier_verified,ACM-SELF0918:0.99000000|ACM-SELF0945:0.78336378|ACM-BALL0132:0.39419089
ACM-H-5078,,0.43298969,review,ineligible_identifier_target,ACM-HEXB0445:0.88235193|ACM-HEXB0004:0.76346419|ACM-HEXB0734:0.76346419
ACM-H-5079,,0.43298969,review,ambiguous_pack,ACM-PVCP0643:0.92916649|ACM-PVCP0643B:0.86602540|ACM-HOSE0704:0.46893088
ACM-H-5080,,0.43298969,review,ambiguous_pack,ACM-PVCP0640:1.00000000|ACM-PVCP0640B:0.92898746
ACM-H-5081,,0.00000000,review,no_candidate_above_floor,
ACM-H-5082,,0.77777778,review,lexical_exact,ACM-ANGL0845:1.00000000
ACM-H-5083,,0.43298969,review,missing_material,ACM-HEXB0310:0.78723974|ACM-HEXB0743:0.77517111|ACM-HEXB0198:0.74538262
ACM-H-5084,,0.43298969,review,missing_disc_kind,ACM-ANGL0214:0.79386690|ACM-ANGL0020:0.76575567|ACM-ANGL0502:0.76575567
ACM-H-5085,,0.77777778,review,lexical_exact,ACM-HEXB0500:1.00000000|ACM-HEXB0310:0.90526903|ACM-HEXB0832:0.90427350
ACM-H-5086,,0.77777778,review,lexical_exact,ACM-CABL0545:1.00000000|ACM-CABL0913:0.79991579|ACM-CABL1035:0.79991579
ACM-H-5087,ACM-SELF0519,0.98275862,auto,lexical_other,ACM-SELF0519:0.84395871|ACM-HEXB0089:0.41584641|ACM-HEXB0231:0.41584641
ACM-H-5088,ACM-NITR0925,0.98275862,auto,lexical_other,ACM-NITR0925:0.81203632|ACM-NITR0351:0.68954742|ACM-NITR0715:0.68154794
ACM-H-5089,,0.77777778,review,lexical_exact,ACM-ANGL0838:1.00000000
ACM-H-5090,,0.77777778,review,lexical_exact,ACM-HEXB0649:1.00000000|ACM-HEXB0803:0.89577638|ACM-HEXB0876:0.89577638
ACM-H-5091,ACM-HEXB0404,0.94117647,auto,identifier_verified,ACM-HEXB0404:0.99000000|ACM-HEXB0004:0.38743462|ACM-HEXB0445:0.38743462
ACM-H-5092,,0.43298969,review,ineligible_identifier_target,ACM-WALL0809:0.54047170|ACM-WALL0047:0.53599982|ACM-WALL0705:0.53176970
ACM-H-5093,,0.43298969,review,ambiguous_pack,ACM-MASK0286:0.91193280|ACM-MASK0286B:0.85303502|ACM-MASK0600:0.63840350
ACM-H-5094,,0.00000000,review,no_candidate_above_floor,
ACM-H-5095,,0.00000000,review,no_candidate_above_floor,
ACM-H-5096,,0.77777778,review,lexical_exact,ACM-GIWI0728:1.00000000|ACM-GIWI0113:0.82571429|ACM-GIWI0621:0.82571429
ACM-H-5097,,0.43298969,review,missing_material,ACM-PVCP0048:0.67749951|ACM-PVCP0794:0.61433189|ACM-PVCP0501:0.59853999
ACM-H-5098,,0.00000000,review,no_candidate_above_floor,
ACM-H-5099,ACM-ANGL0080,0.98275862,auto,lexical_other,ACM-ANGL0080:0.81963458
ACM-H-5100,ACM-PVCP0394,0.98275862,auto,lexical_other,ACM-PVCP0394:0.84384236|ACM-HOSE0185:0.43404786
ACM-H-5101,,0.43298969,review,small_candidate_margin,ACM-GIWI0179:0.70550472|ACM-GIWI0567:0.70550472|ACM-GIWI0801:0.70550472
ACM-H-5102,ACM-PVCP0573,0.97142857,auto,lexical_high,ACM-PVCP0573:0.90263673
ACM-H-5103,ACM-CABL0958,0.94117647,auto,identifier_verified,ACM-CABL0958:0.99000000|ACM-CABL0064:0.73963112|ACM-CABL0368:0.73963112
ACM-H-5104,ACM-ANGL1090,0.94117647,auto,identifier_verified,ACM-ANGL1090:1.00000000
ACM-H-5105,,0.43298969,review,ambiguous_pack,ACM-PVCP0412:0.63010416|ACM-PVCP0501:0.63010416|ACM-PVCP0578:0.63010416
ACM-H-5106,,0.43298969,review,ineligible_identifier_target,ACM-HEXB0762:0.86821560|ACM-HEXB1086:0.65035390|ACM-HEXB0759:0.64662509
ACM-H-5107,,0.43298969,review,ambiguous_pack,ACM-HOSE0980:1.00000000|ACM-HOSE0980B:0.93007456|ACM-HOSE0136:0.76631768
ACM-H-5108,,0.00000000,review,no_candidate_above_floor,
ACM-H-5109,,0.00000000,review,no_candidate_above_floor,
ACM-H-5110,,0.77777778,review,lexical_exact,ACM-GIWI0218:1.00000000|ACM-GIWI0652:0.82571429|ACM-GIWI0955:0.82571429
ACM-H-5111,,0.43298969,review,missing_length,ACM-HOSE1052:0.83325161|ACM-HOSE0296:0.72536192|ACM-HOSE0191:0.71557700
ACM-H-5112,ACM-HEXB0877,0.97142857,auto,lexical_high,ACM-HEXB0877:0.96093085|ACM-HEXB0793:0.86407535|ACM-HEXB0356:0.85904025
ACM-H-5113,ACM-MASK0553,0.98275862,auto,lexical_other,ACM-MASK0553:0.78448124|ACM-MASK0839:0.56428571|ACM-WALL0901:0.42780561
ACM-H-5114,,0.43298969,review,missing_length,ACM-CABL0013:0.82595968|ACM-CABL0074:0.82595968|ACM-CABL0096:0.82595968
ACM-H-5115,ACM-CABL0390,0.98275862,auto,lexical_other,ACM-CABL0390:0.89293302|ACM-CABL0340:0.71317221|ACM-CABL1039:0.71317221
ACM-H-5116,ACM-PVCP1073,0.98275862,auto,lexical_other,ACM-PVCP1073:0.85702571
ACM-H-5117,,0.43298969,review,missing_material,ACM-HEXB1097:0.99000000|ACM-HEXB0668:0.82893536|ACM-HEXB0882:0.75995574
ACM-H-5118,,0.77777778,review,lexical_exact,ACM-HEXB0957:1.00000000|ACM-HEXB0089:0.90240240|ACM-HEXB1047:0.90240240
ACM-H-5119,,0.43298969,review,ineligible_identifier_target,ACM-HEXB0743:0.93266392|ACM-HEXB0238:0.83130589|ACM-HEXB1074:0.83130589
ACM-H-5120,,0.43298969,review,ambiguous_pack,ACM-PVCP0412:0.81601438|ACM-PVCP0412B:0.75829602
ACM-H-5121,,0.00000000,review,no_candidate_above_floor,
ACM-H-5122,,0.00000000,review,no_candidate_above_floor,
ACM-H-5123,,0.77777778,review,lexical_exact,ACM-MASK0530:1.00000000|ACM-MASK1058:0.75175731|ACM-GIWI0621:0.32066055
ACM-H-5124,ACM-MASK0878,0.98275862,auto,lexical_other,ACM-MASK0878:0.67529653|ACM-MASK0221:0.56796422|ACM-WALL0029:0.39556287
ACM-H-5125,ACM-HEXB0633,0.97142857,auto,lexical_high,ACM-HEXB0633:0.90987543|ACM-HEXB0603:0.68665034|ACM-HEXB0283:0.67779481
ACM-H-5126,,0.77777778,review,lexical_exact,ACM-PVCP0949:1.00000000|ACM-HOSE1014:0.40942523
ACM-H-5127,ACM-MASK0286B,0.98275862,auto,lexical_other,ACM-MASK0286B:0.86375000|ACM-MASK0600:0.55287365|ACM-HEXB0675B:0.25349467
ACM-H-5128,,0.43298969,review,small_candidate_margin,ACM-WALL0140:0.89675512|ACM-WALL0143:0.89675512|ACM-WALL0976:0.89675512
ACM-H-5129,ACM-HOSE0637,0.98275862,auto,lexical_other,ACM-HOSE0637:0.85483912|ACM-HOSE0373:0.65741275|ACM-HEXB0087:0.33005022
ACM-H-5130,,0.77777778,review,lexical_exact,ACM-WALL0532:1.00000000|ACM-MASK0859:0.43100943|ACM-MASK0770:0.41639634
ACM-H-5131,ACM-CABL0752,0.97142857,auto,lexical_high,ACM-CABL0752:0.92479772|ACM-CABL0239:0.74313548|ACM-NITR1076:0.37553353
ACM-H-5132,,0.43298969,review,ineligible_identifier_target,ACM-HEXB0943:0.92518837|ACM-HEXB0345:0.71930649|ACM-HEXB0225:0.71086337
ACM-H-5133,,0.43298969,review,ineligible_identifier_target,ACM-CABL0287:0.88283036|ACM-CABL0990:0.66440660|ACM-NITR0804:0.42310096
ACM-H-5134,,0.43298969,review,missing_material,ACM-HEXB0235:0.40336162|ACM-HEXB0572:0.40336162|ACM-HEXB0748:0.40336162
ACM-H-5135,,0.00000000,review,no_candidate_above_floor,
ACM-H-5136,,0.00000000,review,no_candidate_above_floor,
ACM-H-5137,,0.77777778,review,lexical_exact,ACM-PVCP1051:1.00000000|ACM-HOSE0185:0.41879143
ACM-H-5138,,0.00000000,review,no_candidate_above_floor,
ACM-H-5139,,0.77777778,review,lexical_exact,ACM-CABL0635:1.00000000|ACM-CABL0744:0.81006762|ACM-CABL1008:0.81006762
ACM-H-5140,,0.77777778,review,lexical_exact,ACM-BALL0735:1.00000000|ACM-HEXB1010:0.43288046|ACM-HEXB1020:0.43288046
ACM-H-5141,,0.43298969,review,missing_length,ACM-MASK0032:0.76978420|ACM-MASK0163:0.76978420|ACM-MASK0378:0.76978420
ACM-H-5142,ACM-HOSE0704,0.97142857,auto,lexical_high,ACM-HOSE0704:0.90724314|ACM-HOSE1052:0.69385703|ACM-PVCP0124:0.45680611
ACM-H-5143,ACM-CABL0805,0.98275862,auto,lexical_other,ACM-CABL0805:0.84374923|ACM-CABL0095:0.67381523|ACM-CABL0792:0.67381523
ACM-H-5144,,0.77777778,review,lexical_exact,ACM-CABL0990:1.00000000|ACM-CABL0287:0.79991579|ACM-CABL0418:0.79991579
ACM-H-5145,,0.77777778,review,lexical_exact,ACM-HEXB0534:1.00000000|ACM-HEXB0290:0.89692516|ACM-HEXB0599:0.89692516
ACM-H-5146,,0.43298969,review,ineligible_identifier_target,ACM-NITR0366:0.76782770|ACM-NITR0655:0.76782770|ACM-NITR0715:0.76782770
ACM-H-5147,,0.43298969,review,missing_length,ACM-PVCP0025:0.73466844|ACM-PVCP0048:0.73466844|ACM-PVCP0159:0.73466844
ACM-H-5148,,0.00000000,review,no_candidate_above_floor,
ACM-H-5149,,0.00000000,review,no_candidate_above_floor,
ACM-H-5150,,0.77777778,review,lexical_exact,ACM-HEXB0153:1.00000000|ACM-HEXB0675:0.88303571|ACM-HEXB0870:0.88303571
ACM-H-5151,,0.43298969,review,small_candidate_margin,ACM-HEXB0987:0.79026008|ACM-HEXB0379:0.76798738|ACM-HEXB1049:0.75377359
ACM-H-5152,ACM-CABL0187,0.98275862,auto,lexical_other,ACM-CABL0187:0.87150361|ACM-CABL0391:0.79436123|ACM-CABL0785:0.79436123
ACM-H-5153,,0.77777778,review,lexical_exact,ACM-PVCP0075:1.00000000
ACM-H-5154,ACM-WALL1030,0.97142857,auto,lexical_high,ACM-WALL1030:0.92769255|ACM-HEXB0426:0.29315199|ACM-HEXB0603:0.29315199
ACM-H-5155,,0.43298969,review,small_candidate_margin,ACM-HOSE0317:0.81936221|ACM-HOSE0605:0.81936221|ACM-HOSE0850:0.81936221
ACM-H-5156,ACM-PVCP0200,0.98275862,auto,lexical_other,ACM-PVCP0200:0.85162597|ACM-HOSE1014:0.34832694
ACM-H-5157,,0.77777778,review,lexical_exact,ACM-MASK0600:1.00000000|ACM-MASK0286:0.75535977|ACM-MASK0286B:0.70657437
ACM-H-5158,,0.43298969,review,missing_length,ACM-BALL0865:0.99000000|ACM-BALL0011:0.48287928|ACM-BALL0851:0.48287928
ACM-H-5159,ACM-BALL0685,0.94117647,auto,identifier_verified,ACM-BALL0685:0.99000000|ACM-BALL0128:0.58758729|ACM-BALL0154:0.58758729
ACM-H-5160,,0.43298969,review,ineligible_identifier_target,ACM-HOSE0191:0.72461046|ACM-HOSE0296:0.72461046|ACM-HOSE0467:0.72461046
ACM-H-5161,,0.43298969,review,missing_grade,ACM-PVCP0023:0.78374236|ACM-PVCP0134:0.78374236|ACM-PVCP0347:0.78374236
ACM-H-5162,,0.00000000,review,no_candidate_above_floor,
ACM-H-5163,,0.00000000,review,no_candidate_above_floor,
ACM-H-5164,ACM-HEXB0649,0.97142857,auto,lexical_high,ACM-HEXB0649:0.96008550|ACM-HEXB0803:0.86011790|ACM-HEXB0876:0.86011790
ACM-H-5165,,0.43298969,review,missing_material,ACM-PVCP1009:0.63571429|ACM-PVCP0195:0.60357143|ACM-PVCP0301:0.60357143
ACM-H-5166,ACM-SELF0504,0.97142857,auto,lexical_high,ACM-SELF0504:0.94734059|ACM-HEXB0236:0.48939948|ACM-HEXB0690:0.47971702
ACM-H-5167,,0.77777778,review,lexical_exact,ACM-SELF0129:1.00000000
ACM-H-5168,,0.77777778,review,lexical_exact,ACM-CABL0540:1.00000000|ACM-CABL0588:0.79991579|ACM-CABL0646:0.79991579
ACM-H-5169,,0.43298969,review,missing_material,ACM-HEXB0153:0.93109694|ACM-HEXB0803:0.85247787|ACM-HEXB0148:0.84267814
ACM-H-5170,ACM-SELF0945,0.98275862,auto,lexical_other,ACM-SELF0945:0.88200976|ACM-HEXB0319:0.46909172|ACM-HEXB0939:0.46909172
ACM-H-5171,,0.43298969,review,untrusted_alias_metadata,ACM-CABL0555:0.99000000|ACM-CABL0199:0.90457125|ACM-CABL0687:0.90457125
ACM-H-5172,ACM-SELF0242,0.94117647,auto,identifier_verified,ACM-SELF0242:0.99000000|ACM-SELF0149:0.80058763|ACM-SELF0400:0.80058763
ACM-H-5173,,0.43298969,review,ineligible_identifier_target,ACM-GIWI0789:0.91177985|ACM-GIWI0446:0.76219994|ACM-GIWI0742:0.76219994
ACM-H-5174,,0.43298969,review,ambiguous_pack,ACM-BALL0364:0.91915718|ACM-BALL0364B:0.86334911|ACM-HEXB0008:0.47051023
ACM-H-5175,,0.43298969,review,ambiguous_pack,ACM-SELF0302:1.00000000|ACM-SELF0302B:0.95457079|ACM-SELF0090:0.91459549
ACM-H-5176,,0.00000000,review,no_candidate_above_floor,
ACM-H-5177,,0.77777778,review,lexical_exact,ACM-GIWI0389:1.00000000|ACM-GIWI0430:0.85833333|ACM-GIWI0661:0.85833333
ACM-H-5178,ACM-GIWI0621,0.98275862,auto,lexical_other,ACM-GIWI0621:0.61025319|ACM-GIWI0997:0.47021347|ACM-GIWI0113:0.42298374
ACM-H-5179,ACM-HEXB0253,0.98275862,auto,lexical_other,ACM-HEXB0253:0.88625000|ACM-HEXB1025:0.82283245|ACM-HEXB0498:0.81689143
ACM-H-5180,,0.77777778,review,lexical_exact,ACM-SELF0400:1.00000000
ACM-H-5181,ACM-NITR0470,0.98275862,auto,lexical_other,ACM-NITR0470:0.68923083|ACM-NITR0655:0.57367989|ACM-NITR0677:0.56858724
ACM-H-5182,,0.77777778,review,lexical_exact,ACM-BALL0315:1.00000000
ACM-H-5183,ACM-HEXB0542,0.97142857,auto,lexical_high,ACM-HEXB0542:0.95163944|ACM-HEXB0352:0.87263258|ACM-HEXB0379:0.81492375
ACM-H-5184,ACM-PVCP0666B,0.94117647,auto,identifier_verified,ACM-PVCP0666B:0.99000000|ACM-PVCP0070:0.77848016|ACM-PVCP0279:0.77848016
ACM-H-5185,,0.77777778,review,lexical_exact,ACM-CABL0607:1.00000000|ACM-CABL0499:0.80690183|ACM-CABL0550:0.80690183
ACM-H-5186,,0.77777778,review,lexical_exact,ACM-HEXB0290:1.00000000|ACM-HEXB0194:0.90240240|ACM-HEXB0599:0.90240240
ACM-H-5187,,0.43298969,review,ineligible_identifier_target,ACM-SAFE0299:0.59189731|ACM-SAFE0135:0.58838566|ACM-SAFE0120:0.57425243
ACM-H-5188,,0.43298969,review,ambiguous_pack,ACM-PVCP1055:0.90356130|ACM-PVCP1055B:0.84142061|ACM-HOSE0046:0.46473873
ACM-H-5189,,0.00000000,review,no_candidate_above_floor,
ACM-H-5190,,0.00000000,review,no_candidate_above_floor,
NRD-H-5001,NRD-PRAW0352,0.98275862,auto,lexical_other,NRD-PRAW0352:0.89609678|NRD-PRAW0040:0.68676188|NRD-PRAW0067:0.68676188
NRD-H-5002,,0.43298969,review,small_candidate_margin,NRD-SALM0350:0.69346767|NRD-SALM0027:0.64363253|NRD-SALM0299:0.61926826
NRD-H-5003,NRD-FULL0417,0.98275862,auto,lexical_other,NRD-FULL0417:0.75714251|NRD-FULL0028:0.55703957|NRD-WHIP0069:0.40670812
NRD-H-5004,,0.77777778,review,lexical_exact,NRD-PRAW0097:1.00000000|NRD-PRAW0206:0.77750000|NRD-PRAW0461:0.76560562
NRD-H-5005,NRD-CHIC0043,0.97142857,auto,lexical_high,NRD-CHIC0043:0.93031970|NRD-CHIC0168:0.74636611|NRD-CHIC0471:0.74159501
NRD-H-5006,,0.43298969,review,small_candidate_margin,NRD-PUFF0068:0.76212264|NRD-PUFF0254:0.74605797|NRD-PUFF0296:0.74605797
NRD-H-5007,NRD-PRAW0210,0.98275862,auto,lexical_other,NRD-PRAW0210:0.81857447|NRD-PRAW0129:0.63567151|NRD-PRAW0237:0.62552795
NRD-H-5008,,0.77777778,review,lexical_exact,NRD-BEEF0161:1.00000000|NRD-BEEF0185:0.85935961|NRD-BEEF0279:0.85935961
NRD-H-5009,,0.77777778,review,lexical_exact,NRD-FULL0267:1.00000000|NRD-FULL0236:0.86032865|NRD-WHIP0111:0.63008554
NRD-H-5010,,0.43298969,review,ineligible_identifier_target,NRD-BEEF0259:0.94971976|NRD-BEEF0118:0.81618956|NRD-BEEF0351:0.81618956
NRD-H-5011,,0.43298969,review,ineligible_identifier_target,NRD-BUTT0179:0.65274462|NRD-BUTT0037:0.64118409|NRD-BUTT0047:0.64118409
NRD-H-5012,,0.43298969,review,ambiguous_pack,NRD-WHIP0334:0.68263001|NRD-WHIP0334B:0.62905268|NRD-WHIP0069:0.50404022
NRD-H-5013,,0.00000000,review,no_candidate_above_floor,
NRD-H-5014,,0.00000000,review,no_candidate_above_floor,
NRD-H-5015,,0.77777778,review,lexical_exact,NRD-FULL0323:1.00000000|NRD-FULL0307:0.84960098|NRD-WHIP0005:0.59986321
NRD-H-5016,NRD-POTA0394,0.98275862,auto,lexical_other,NRD-POTA0394:0.74282797|NRD-POTA0192:0.66255764|NRD-POTA0039:0.66222198
NRD-H-5017,,0.77777778,review,lexical_exact,NRD-MOZZ0054:1.00000000|NRD-MOZZ0286:0.78137931|NRD-MOZZ0065:0.76498342
NRD-H-5018,,0.43298969,review,small_candidate_margin,NRD-MOZZ0415:0.83922780|NRD-MOZZ0356:0.81913601|NRD-MOZZ0122:0.79508250
NRD-H-5019,,0.43298969,review,small_candidate_margin,NRD-BEEF0278:0.91362372|NRD-BEEF0118:0.89213438|NRD-BEEF0279:0.89213438
NRD-H-5020,NRD-POTA0293,0.97142857,auto,lexical_high,NRD-POTA0293:0.90440541|NRD-POTA0231:0.70462536|NRD-POTA0431:0.69504657
NRD-H-5021,NRD-SALM0159,0.98275862,auto,lexical_other,NRD-SALM0159:0.86388050|NRD-SALM0251:0.67058187|NRD-SALM0117:0.65956231
NRD-H-5022,,0.43298969,review,untrusted_alias_metadata,NRD-SQUI0022:0.99000000|NRD-SQUI0434:0.87283692|NRD-PRAW0461:0.54521739
NRD-H-5023,NRD-CHIC0329,0.94117647,auto,identifier_verified,NRD-CHIC0329:0.99000000|NRD-CHIC0026:0.78587616|NRD-CHIC0219:0.78587616
NRD-H-5024,,0.43298969,review,ineligible_identifier_target,NRD-MOZZ0152:0.86358269|NRD-MOZZ0400:0.86358269|NRD-MOZZ0035:0.64733434
NRD-H-5025,,0.43298969,review,ambiguous_pack,NRD-WHIP0334:1.00000000|NRD-WHIP0334B:0.92131598|NRD-WHIP0069:0.85641026
NRD-H-5026,,0.00000000,review,no_candidate_above_floor,
NRD-H-5027,,0.00000000,reject,not_an_item,
NRD-H-5028,,0.77777778,review,lexical_exact,NRD-FULL0203:1.00000000|NRD-FULL0120:0.84028844|NRD-WHIP0230:0.56459247
NRD-H-5029,,0.43298969,review,small_candidate_margin,NRD-MOZZ0205:0.69321380|NRD-MOZZ0175:0.64688408|NRD-MOZZ0200:0.61352786
NRD-H-5030,,0.43298969,review,small_candidate_margin,NRD-FULL0010:0.78135150|NRD-FULL0462:0.77770250|NRD-VANI0148:0.29204182
NRD-H-5031,NRD-BUTT0302,0.98275862,auto,lexical_other,NRD-BUTT0302:0.76537335|NRD-BUTT0211:0.60742669
NRD-H-5032,NRD-BUTT0047,0.98275862,auto,lexical_other,NRD-BUTT0047:0.73048544|NRD-BUTT0015:0.56624605
NRD-H-5033,,0.43298969,review,missing_weight,NRD-SALM0076:0.75764265|NRD-SALM0216:0.75764265|NRD-SALM0322:0.75764265
NRD-H-5034,NRD-VANI0424,0.98275862,auto,lexical_other,NRD-VANI0424:0.84987445|NRD-VANI0119:0.72019069|NRD-VANI0148:0.67116155
NRD-H-5035,,0.43298969,review,missing_weight,NRD-SALM0331B:0.99000000|NRD-SALM0398:0.60341745|NRD-SALM0413:0.60341745
NRD-H-5036,,0.43298969,review,untrusted_alias_metadata,NRD-MOZZ0205:0.99000000|NRD-MOZZ0175:0.86687726|NRD-MOZZ0200:0.86687726
NRD-H-5037,,0.43298969,review,ineligible_identifier_target,NRD-VANI0327:0.80671657|NRD-VANI0390:0.62448027|NRD-VANI0479:0.55240629
NRD-H-5038,,0.43298969,review,ineligible_identifier_target,NRD-BUTT0491:1.00000000|NRD-BUTT0178:0.81833333
NRD-H-5039,,0.43298969,review,ambiguous_pack,NRD-SALM0331:0.60777637|NRD-SALM0398:0.60777637|NRD-SALM0413:0.60777637
NRD-H-5040,,0.00000000,review,no_candidate_above_floor,
NRD-H-5041,,0.00000000,review,no_candidate_above_floor,
NRD-H-5042,NRD-BUTT0321,0.97142857,auto,lexical_high,NRD-BUTT0321:0.92936586|NRD-BUTT0194:0.75799450|NRD-PUFF0340:0.56311716
NRD-H-5043,NRD-VANI0190,0.98275862,auto,lexical_other,NRD-VANI0190:0.85955060|NRD-VANI0283:0.71691176|NRD-VANI0332:0.66987121
NRD-H-5044,NRD-BEEF0407,0.98275862,auto,lexical_other,NRD-BEEF0407:0.87816950|NRD-BEEF0235:0.75465324|NRD-BEEF0469:0.75465324
NRD-H-5045,,0.77777778,review,lexical_exact,NRD-SQUI0071:1.00000000|NRD-SQUI0381:0.78815674|NRD-CHIC0268:0.47684418
NRD-H-5046,,0.43298969,review,missing_weight,NRD-CHIC0195:0.78869479|NRD-CHIC0212:0.78869479|NRD-CHIC0329:0.78869479
NRD-H-5047,,0.43298969,review,small_candidate_margin,NRD-SQUI0149:0.80784811|NRD-SQUI0488:0.78877667|NRD-PRAW0337:0.70501059
NRD-H-5048,NRD-WHIP0111,0.98275862,auto,lexical_other,NRD-WHIP0111:0.78575566|NRD-WHIP0442:0.69440121|NRD-FULL0267:0.49407001
NRD-H-5049,,0.43298969,review,missing_weight,NRD-CHIC0380:0.99000000|NRD-CHIC0289:0.79446217|NRD-CHIC0379:0.79446217
NRD-H-5050,NRD-BEEF0476,0.94117647,auto,identifier_verified,NRD-BEEF0476:0.99000000|NRD-BEEF0228:0.91362372|NRD-BEEF0333:0.89213438
NRD-H-5051,,0.43298969,review,ineligible_identifier_target,NRD-PUFF0044:0.73531889|NRD-PUFF0068:0.73531889|NRD-PUFF0222:0.73531889
NRD-H-5052,,0.43298969,review,ambiguous_pack,NRD-SALM0142:1.00000000|NRD-SALM0142B:0.93087021|NRD-SALM0100:0.80856367
NRD-H-5053,,0.00000000,review,no_candidate_above_floor,
NRD-H-5054,,0.00000000,review,no_candidate_above_floor,
NRD-H-5055,,0.77777778,review,lexical_exact,NRD-FULL0024:1.00000000|NRD-FULL0127:0.83723223|NRD-VANI0066:0.28994759
NRD-H-5056,NRD-BEEF0131,0.98275862,auto,lexical_other,NRD-BEEF0131:0.85290463|NRD-BEEF0006:0.71838207|NRD-BEEF0241:0.71838207
NRD-H-5057,NRD-PRAW0455,0.98275862,auto,lexical_other,NRD-PRAW0455:0.87150361|NRD-PRAW0387:0.69560198|NRD-PRAW0048:0.68166667
NRD-H-5058,,0.77777778,review,lexical_exact,NRD-SQUI0249:1.00000000|NRD-SQUI0252:0.83201777|NRD-PRAW0455:0.60678543
NRD-H-5059,NRD-BUTT0491,0.98275862,auto,lexical_other,NRD-BUTT0491:0.80062081|NRD-BUTT0178:0.62021294
NRD-H-5060,NRD-CHIC0049,0.98275862,auto,lexical_other,NRD-CHIC0049:0.87808675|NRD-CHIC0034:0.66800202|NRD-CHIC0396:0.66405604
NRD-H-5061,,0.43298969,review,small_candidate_margin,NRD-BEEF0407:0.79604787|NRD-BEEF0235:0.77140652|NRD-BEEF0469:0.68408685
NRD-H-5062,,0.43298969,review,untrusted_alias_metadata,NRD-BEEF0343:0.99000000|NRD-BEEF0301:0.87420778|NRD-BEEF0478:0.87420778
NRD-H-5063,NRD-FULL0339,0.94117647,auto,identifier_verified,NRD-FULL0339:0.99000000|NRD-FULL0028:0.52076605|NRD-FULL0420:0.52076605
NRD-H-5064,NRD-BEEF0354,0.94117647,auto,identifier_verified,NRD-BEEF0354:0.99000000|NRD-BEEF0467:0.73796746|NRD-BEEF0476:0.73796746
NRD-H-5065,,0.43298969,review,ineligible_identifier_target,NRD-VANI0383:0.68920055|NRD-VANI0060:0.68475408|NRD-VANI0045:0.67647538
NRD-H-5066,,0.43298969,review,ambiguous_pack,NRD-SALM0064:1.00000000|NRD-SALM0064B:0.92855206|NRD-SALM0207:0.80157987
NRD-H-5067,,0.00000000,review,no_candidate_above_floor,
NRD-H-5068,,0.00000000,review,no_candidate_above_floor,
NRD-H-5069,,0.77777778,review,lexical_exact,NRD-PRAW0053:1.00000000|NRD-PRAW0435:0.81833333|NRD-PRAW0337:0.81247928
NRD-H-5070,,0.00000000,review,no_candidate_above_floor,
NRD-H-5071,,0.77777778,review,lexical_exact,NRD-POTA0164:1.00000000|NRD-POTA0377:0.79833399|NRD-POTA0465:0.78826568
NRD-H-5072,,0.77777778,review,lexical_exact,NRD-VANI0066:1.00000000|NRD-VANI0202:0.84033060|NRD-VANI0132:0.78285714
NRD-H-5073,NRD-CHIC0212,0.97142857,auto,lexical_high,NRD-CHIC0212:0.93541435|NRD-CHIC0219:0.77044418|NRD-CHIC0428:0.77044418
NRD-H-5074,,0.77777778,review,lexical_exact,NRD-VANI0363:1.00000000|NRD-VANI0148:0.84758987|NRD-VANI0042:0.78991597
NRD-H-5075,NRD-POTA0325,0.98275862,auto,lexical_other,NRD-POTA0325:0.84522650|NRD-POTA0039:0.68387366|NRD-POTA0485:0.65823658
NRD-H-5076,NRD-PRAW0009,0.94117647,auto,identifier_verified,NRD-PRAW0009:0.99000000|NRD-PRAW0013:0.69560198|NRD-PRAW0040:0.69560198
NRD-H-5077,NRD-BEEF0255,0.97142857,auto,lexical_high,NRD-BEEF0255:0.94810874|NRD-BEEF0228:0.80789946|NRD-BEEF0270:0.80789946
NRD-H-5078,,0.43298969,review,ineligible_identifier_target,NRD-CHIC0043:0.64405977|NRD-CHIC0253:0.64405977|NRD-CHIC0360:0.64405977
NRD-H-5079,,0.43298969,review,missing_weight,NRD-BEEF0118:0.86558844|NRD-BEEF0214:0.84816437|NRD-BEEF0476:0.84816437
NRD-H-5080,,0.43298969,review,ambiguous_pack,NRD-PUFF0244:0.88865046|NRD-PUFF0244B:0.82842812|NRD-PUFF0305:0.70479682
NRD-H-5081,,0.00000000,review,no_candidate_above_floor,
NRD-H-5082,,0.77777778,review,lexical_exact,NRD-PUFF0125:1.00000000|NRD-PUFF0056:0.84642857|NRD-PRAW0455:0.61383300
NRD-H-5083,,0.43298969,review,small_candidate_margin,NRD-VANI0137:0.68729514|NRD-VANI0288:0.64068132
NRD-H-5084,NRD-MOZZ0110,0.98275862,auto,lexical_other,NRD-MOZZ0110:0.81404564|NRD-MOZZ0400:0.74636611|NRD-MOZZ0221:0.72311298
NRD-H-5085,NRD-FULL0462,0.98275862,auto,lexical_other,NRD-FULL0462:0.68797877|NRD-FULL0010:0.53648254|NRD-PRAW0352:0.32298359
NRD-H-5086,NRD-BEEF0072,0.98275862,auto,lexical_other,NRD-BEEF0072:0.80499076|NRD-BEEF0016:0.65970690|NRD-BEEF0102:0.65970690
NRD-H-5087,,0.43298969,review,missing_volume,NRD-WHIP0111:0.69202952|NRD-WHIP0442:0.69202952|NRD-WHIP0069:0.52888760
NRD-H-5088,NRD-BEEF0284,0.98275862,auto,lexical_other,NRD-BEEF0284:0.87262606|NRD-BEEF0187:0.77036511|NRD-BEEF0265:0.77036511
NRD-H-5089,,0.77777778,review,lexical_exact,NRD-BEEF0368:1.00000000|NRD-BEEF0091:0.85219780|NRD-BEEF0278:0.85219780
NRD-H-5090,NRD-BEEF0373,0.97142857,auto,lexical_high,NRD-BEEF0373:0.95425560|NRD-BEEF0007:0.83134273|NRD-BEEF0335:0.83134273
NRD-H-5091,NRD-PRAW0387,0.94117647,auto,identifier_verified,NRD-PRAW0387:0.99000000|NRD-PRAW0291:0.81573960|NRD-PRAW0009:0.53756506
NRD-H-5092,,0.43298969,review,ineligible_identifier_target,NRD-CHIC0101:0.77827670|NRD-CHIC0186:0.76295642|NRD-CHIC0253:0.76295642
NRD-H-5093,,0.43298969,review,ambiguous_pack,NRD-PUFF0244:0.89714851|NRD-PUFF0305:0.89714851|NRD-PUFF0244B:0.83631397
NRD-H-5094,,0.00000000,review,no_candidate_above_floor,
NRD-H-5095,,0.00000000,review,no_candidate_above_floor,
NRD-H-5096,,0.77777778,review,lexical_exact,NRD-BUTT0178:1.00000000|NRD-BUTT0491:0.81833333
NRD-H-5097,NRD-SALM0027,0.98275862,auto,lexical_other,NRD-SALM0027:0.76540088|NRD-SALM0064:0.68909064|NRD-SALM0218:0.68822651
NRD-H-5098,,0.77777778,review,lexical_exact,NRD-POTA0061:1.00000000|NRD-POTA0366:0.77848016|NRD-POTA0463:0.76758074
NRD-H-5099,NRD-POTA0238,0.97142857,auto,lexical_high,NRD-POTA0238:0.93296939|NRD-POTA0086:0.73176114|NRD-POTA0157:0.72205377
NRD-H-5100,NRD-BEEF0368,0.98275862,auto,lexical_other,NRD-BEEF0368:0.80499076|NRD-BEEF0091:0.65970690|NRD-BEEF0278:0.65970690
NRD-H-5101,NRD-BEEF0259,0.98275862,auto,lexical_other,NRD-BEEF0259:0.89253059|NRD-BEEF0118:0.73796746|NRD-BEEF0351:0.73796746
NRD-H-5102,NRD-PRAW0385,0.98275862,auto,lexical_other,NRD-PRAW0385:0.83076039|NRD-PRAW0237:0.63434529|NRD-PRAW0129:0.62831315
NRD-H-5103,,0.77777778,review,lexical_exact,NRD-MOZZ0451:1.00000000|NRD-MOZZ0116:0.78137931|NRD-MOZZ0143:0.76498342
NRD-H-5104,NRD-POTA0151,0.94117647,auto,identifier_verified,NRD-POTA0151:0.99000000|NRD-POTA0477:0.75035743|NRD-POTA0086:0.73923325
NRD-H-5105,,0.43298969,review,ineligible_identifier_target,NRD-BEEF0259:1.00000000|NRD-BEEF0118:0.85935961|NRD-BEEF0351:0.85935961
NRD-H-5106,,0.43298969,review,ineligible_identifier_target,NRD-BUTT0194:0.61502787|NRD-BUTT0321:0.61502787|NRD-BUTT0178:0.61051281
NRD-H-5107,,0.43298969,review,ambiguous_pack,NRD-BEEF0214:0.90151679|NRD-BEEF0214B:0.83863644|NRD-BEEF0165:0.74842113
NRD-H-5108,,0.00000000,review,no_candidate_above_floor,
NRD-H-5109,,0.00000000,review,no_candidate_above_floor,
NRD-H-5110,,0.77777778,review,lexical_exact,NRD-BUTT0029:1.00000000|NRD-BUTT0093:0.84459930|NRD-WHIP0111:0.31157223
